review_id,product_id,aspect,opinion,phrase,sentiment
58637,415,product,good,good product,positive
177756,934,today,great,great today,positive
177756,934,packaging,great,great packaging,positive
177756,934,quality,build,build quality,positive
127625,615,product,good,good product,positive
127658,615,product,good,good product,positive
126841,615,option,not available,not available option,negative
126841,615,use,not,not use,negative
127676,615,product,useless,useless product,negative
84511,496,apple,first,first apple,neutral
84511,496,performance,lightweight,lightweight performance,neutral
84511,496,p,high,high p,neutral
84511,496,portability,truly,truly portability,positive
84511,496,laptops,currently,currently laptops,neutral
84511,496,laptop,best,best laptop,positive
84118,496,buying,worth,worth buying,positive
121379,591,smooth,update,update smooth,positive
121379,591,bugs,even,even bugs,negative
121723,591,product,genuine,genuine product,positive
77400,473,cons,low,low cons,negative
78320,481,gaming,best,best gaming,positive
78320,481,price,cheap,cheap price,negative
78426,481,performance,good,good performance,positive
78426,481,battery,poor,poor battery,negative
83600,495,nice product,happy,happy nice product,positive
83600,495,product,less,less product,neutral
83600,495,money,less,less money,neutral
83522,495,work,smoothly,smoothly work,positive
36921,290,quality,good,good quality,positive
36965,290,product,nice,nice product,positive
182620,976,product,nice,nice product,positive
14198,174,quality,poor,poor quality,negative
14198,174,working,not properly,not properly working,negative
102483,542,product,good,good product,positive
89466,509,product,orignal,orignal product,neutral
134052,626,quality,low,low quality,neutral
134052,626,problem,uncontrollable,uncontrollable problem,negative
134052,626,waste,uncontrollable,uncontrollable waste,negative
134052,626,price,low,low price,negative
3071,105,quality,good,good quality,positive
164954,836,app,good,good app,positive
20745,195,fan,great,great fan,positive
20745,195,efficient,super,super efficient,positive
20745,195,installation,removal,removal installation,neutral
20745,195,air,less,less air,neutral
20745,195,noise,no even,no even noise,negative
70461,456,sun,harmful,harmful sun,negative
132735,622,product,nice,nice product,positive
132639,622,price,happy,happy price,positive
132639,622,gyser,awesome,awesome gyser,positive
131491,622,product,fabulous,fabulous product,positive
131491,622,person,coordial,coordial person,neutral
131491,622,delivery,coordial,coordial delivery,positive
131491,622,day,next,next day,neutral
132362,622,product,good,good product,positive
132362,622,working,properly,properly working,positive
193771,1023,product,ok,ok product,neutral
193455,1023,product,excellent,excellent product,positive
21074,196,worth,nice,nice worth,positive
21935,199,weight,light,light weight,neutral
21935,199,fan,nice,nice fan,positive
21452,199,speeddont,low,low speeddont,negative
21888,199,fanworks,nice,nice fanworks,positive
21969,199,product,worthy,worthy product,positive
21969,199,suggestion,personal,personal suggestion,neutral
22457,199,product,nice,nice product,positive
22457,199,speed,not high,not high speed,neutral
22457,199,product,not,not product,negative
31516,259,product,worstest,worstest product,negative
13615,164,work,good,good work,positive
12730,146,experience,worst,worst experience,negative
12730,146,buy,dont,dont buy,neutral
12730,146,cleaning,no good,no good cleaning,negative
141604,697,kapda,nice,nice kapda,positive
141604,697,cotton,pure,pure cotton,positive
141019,696,quality,good,good quality,positive
174887,915,product,good,good product,positive
174156,915,experience,automatic,automatic experience,positive
174156,915,products,good,good products,positive
174156,915,cut,automatically,automatically cut,negative
174156,915,raise,automatic,automatic raise,negative
34670,282,product,nice,nice product,positive
34755,282,fregnens,good,good fregnens,positive
34784,282,product,good,good product,positive
34230,280,get,specially,specially get,positive
34230,280,luxury,perfume,perfume luxury,neutral
34230,280,packaging,good,good packaging,positive
34404,280,perfumes,intense,intense perfumes,neutral
34404,280,perfume,amazing,amazing perfume,positive
34404,280,bases,daily,daily bases,positive
34404,280,bases,also,also bases,neutral
34404,280,time,long,long time,neutral
60572,421,flipkart,u,u flipkart,neutral
148160,743,book,nice,nice book,positive
43300,330,product,good,good product,positive
43227,330,product,nice,nice product,positive
86380,503,fripkart,tq,tq fripkart,negative
86380,503,mixi,best,best mixi,positive
16620,187,product,nice,nice product,positive
88160,506,quality,good,good quality,positive
88022,506,noise,loud,loud noise,negative
88022,506,product,bad,bad product,negative
88022,506,motar,loud,loud motar,neutral
88666,506,product,nice,nice product,positive
134930,630,performance,not,not performance,negative
136652,650,productdelivery,nice,nice productdelivery,positive
136652,650,nice productdelivery package,good,good nice productdelivery package,positive
9841,123,product,good,good product,positive
9841,123,experience,better,better experience,neutral
159072,788,worth,super,super worth,positive
159483,788,product,nice,nice product,positive
159320,788,shopping,best,best shopping,positive
158825,788,product,nice,nice product,positive
158825,788,nice product sturdiness,good,good nice product sturdiness,positive
158825,788,assemble rest,fine,fine assemble rest,neutral
158986,788,product,best,best product,positive
73534,467,football,good,good football,positive
73534,467,quantity,good,good quantity,positive
21240,197,motor,central,central motor,neutral
21240,197,central motor body,small,small central motor body,neutral
7581,115,qwlity,good,good qwlity,positive
7581,115,dslr,suparab,suparab dslr,neutral
7581,115,cost,low,low cost,negative
6075,115,length,focal,focal length,neutral
6075,115,exposure,much,much exposure,neutral
6075,115,purchase,terrific,terrific purchase,positive
6075,115,dslr,first,first dslr,neutral
7042,115,thing,best,best thing,positive
6622,115,camera,nice,nice camera,positive
6879,115,camera,good,good camera,positive
7327,115,lens,additional,additional lens,neutral
7327,115,photography,better,better photography,neutral
7327,115,entry,basic,basic entry,neutral
7327,115,better photography quality,awesome,awesome better photography quality,positive
91830,526,jugad,indian,indian jugad,neutral
91830,526,cloththe,mobile,mobile cloththe,neutral
91830,526,cloththe mobile gripper,bit,bit cloththe mobile gripper,neutral
91830,526,stand,firm,firm stand,positive
91830,526,holder,mobile,mobile holder,neutral
91830,526,stand,however,however stand,neutral
126059,606,product,worst,worst product,negative
126001,606,product,nice,nice product,positive
77672,476,item,fantastic,fantastic item,positive
1909,103,good deliveryproduct,nice,nice good deliveryproduct,positive
1038,103,need,highno,highno need,neutral
1038,103,cooling level,highno,highno cooling level,neutral
1111,103,pump,usage,usage pump,neutral
21401,198,product,worng,worng product,neutral
107681,565,network,good,good network,positive
107681,565,routers,also,also routers,neutral
107681,565,range,good,good range,positive
107681,565,router,compact,compact router,positive
107681,565,routers,different,different routers,neutral
107681,565,router,best,best router,positive
107514,565,frequency,good,good frequency,positive
38760,301,daughter,really,really daughter,neutral
39058,301,gift,excellent,excellent gift,positive
38871,301,products,nice,nice products,positive
38412,301,product,nice,nice product,positive
39448,301,product,good,good product,positive
39230,301,quality,good,good quality,positive
106077,554,quality,good,good quality,positive
82490,493,ok product,nice,nice ok product,positive
36468,284,size,big,big size,neutral
72680,460,quality,good,good quality,positive
35484,283,perfume,best,best perfume,positive
35444,283,smell,atrective,atrective smell,negative
35295,283,fragrance,long,long fragrance,negative
35295,283,fragrance,good,good fragrance,neutral
128365,616,suction,ow,ow suction,neutral
195359,1033,product,good,good product,positive
169923,892,value,good,good value,positive
32332,263,quality,build,build quality,positive
32332,263,sound,awesome,awesome sound,positive
154821,777,quality,good,good quality,positive
9156,120,product,nice,nice product,positive
111585,574,quality,not,not quality,negative
111585,574,quality,not good,not good quality,negative
111683,575,quality,poor,poor quality,negative
5393,113,beckup,good,good beckup,positive
5393,113,betry,best,best betry,neutral
5393,113,quality,sound,sound quality,positive
5393,113,design,good,good design,positive
142310,705,colour,attractive,attractive colour,positive
142310,705,capacity,full,full capacity,positive
142310,705,timepros,second,second timepros,neutral
142310,705,quality,better,better quality,neutral
142310,705,cover,thin,thin cover,negative
142310,705,cabinet,strong2,strong2 cabinet,positive
92029,528,product,nice,nice product,positive
191234,1009,product,good,good product,positive
30674,252,product,nice,nice product,positive
27221,243,products,nice,nice products,positive
68202,444,shoe bottom,bad,bad shoe bottom,negative
195071,1032,product,not,not product,negative
195071,1032,term,long,long term,neutral
195071,1032,use,temporary,temporary use,negative
195071,1032,shops,local,local shops,neutral
195071,1032,products,sturdy,sturdy products,positive
185776,993,fits,correct,correct fits,neutral
185776,993,flipkart siteand size,correct,correct flipkart siteand size,neutral
185776,993,siteand,flipkart,flipkart siteand,neutral
185776,993,material,thin,thin material,negative
185776,993,tvlooks,good,good tvlooks,positive
185776,993,tv,nice,nice tv,positive
185776,993,back side,thin,thin back side,negative
91012,520,product,not good,not good product,negative
148279,745,build quality,poor,poor build quality,negative
15761,182,quality,poor,poor quality,negative
15191,181,product,nice,nice product,positive
15141,181,product,good,good product,positive
171377,902,buy,wastedont,wastedont buy,negative
171377,902,months,not,not months,negative
171234,902,hiternice,fast,fast hiternice,neutral
185154,989,product,good,good product,positive
184674,707,product,good,good product,positive
184881,707,finishing,fine,fine finishing,positive
184881,707,room,leaving,leaving room,negative
184881,707,product,similar,similar product,neutral
184881,707,piceand,also,also piceand,neutral
184881,707,standing layers shelves,smaller,smaller standing layers shelves,neutral
184881,707,price,super,super price,positive
184881,707,product,nice,nice product,positive
184881,707,appearance,piecein,piecein appearance,neutral
184520,986,products,nice,nice products,positive
183506,981,delivery,prodect,prodect delivery,positive
125204,604,product,nice,nice product,positive
24451,229,product,nice,nice product,positive
25361,230,volume,high,high volume,neutral
25361,230,phonerest everything,nice,nice phonerest everything,positive
25361,230,reduces,considerably,considerably reduces,negative
25361,230,sound,good,good sound,positive
25966,230,assistant,still,still assistant,neutral
25966,230,assistant,good,good assistant,positive
25140,230,speakers,smart,smart speakers,positive
25140,230,sound,good,good sound,positive
25140,230,thank,good,good thank,positive
25140,230,product,great,great product,positive
25140,230,quality,really,really quality,positive
25579,230,speaker,best,best speaker,positive
24599,230,product,nice,nice product,positive
24599,230,bulbs,smart,smart bulbs,positive
24599,230,apps,multiple,multiple apps,neutral
24599,230,bulbs,as,as bulbs,neutral
25401,230,packaging,good,good packaging,positive
25401,230,negatives,useno,useno negatives,negative
25401,230,next level bass,perfect,perfect next level bass,positive
25401,230,sound,much,much sound,neutral
25401,230,productlooks,great,great productlooks,positive
25401,230,level,next,next level,neutral
25401,230,much sound quality,next,next much sound quality,positive
183988,846,seeds,not,not seeds,negative
183988,846,produced,single,single produced,negative
61624,425,bag,nice,nice bag,positive
61624,425,quality,also,also quality,positive
80149,488,quality,good,good quality,positive
81035,488,product,good,good product,positive
80977,488,products,good,good products,positive
79810,488,everyone,favourite,favourite everyone,positive
79810,488,greasy,non,non greasy,negative
179257,954,thank,super,super thank,positive
179106,952,daughter,nice,nice daughter,positive
179568,959,quality,good,good quality,positive
178611,944,product,nice,nice product,positive
176667,926,delivery,not,not delivery,negative
176667,926,boy,not,not boy,negative
176667,926,okim,happy,happy okim,positive
70361,455,best,good,good best,positive
84878,500,good speaker quality,bad,bad good speaker quality,neutral
84878,500,display,not good,not good display,negative
84878,500,touch pad,hard,hard touch pad,neutral
84878,500,speaker,not good,not good speaker,negative
84878,500,board,key,key board,neutral
101742,537,use,not commercial,not commercial use,neutral
101742,537,product,costly,costly product,neutral
101742,537,office,small,small office,neutral
79195,487,days,confused,confused days,negative
79195,487,difference overall,happy,happy difference overall,positive
79195,487,difference,overall,overall difference,neutral
79195,487,laptop,good,good laptop,positive
79195,487,notice,cant,cant notice,neutral
85145,487,text,small,small text,neutral
85145,487,blurry,little,little blurry,neutral
85145,487,windows,especially,especially windows,neutral
85145,487,laptopthere,good,good laptopthere,positive
85145,487,click,deliberate,deliberate click,negative
85145,487,lesse,much,much lesse,neutral
85145,487,blurry,less,less blurry,neutral
85145,487,macbook keypad,much,much macbook keypad,neutral
79196,487,good keyboard experience,goodi,goodi good keyboard experience,positive
79196,487,hours,backlit,backlit hours,neutral
79196,487,sec everything,good,good sec everything,positive
79196,487,keyboard,backlit,backlit keyboard,negative
79196,487,keyboard,good,good keyboard,positive
79196,487,pricebuilt quality,good,good pricebuilt quality,positive
69862,452,job,good,good job,positive
129857,619,product,nice,nice product,positive
129857,619,colours,awesome,awesome colours,positive
129858,619,glass,transparent,transparent glass,neutral
129858,619,display,no digital,no digital display,neutral
130247,619,purchase,thus,thus purchase,neutral
130247,619,product,th,th product,neutral
130247,619,wash cycle,perfect,perfect wash cycle,positive
130247,619,sound,low,low sound,negative
130247,619,chance,less,less chance,neutral
130247,619,jerking tub,strong,strong jerking tub,positive
130247,619,shock,electric,electric shock,neutral
130247,619,machine,best,best machine,positive
130247,619,motor,best,best motor,positive
180052,972,product,nice,nice product,positive
166949,850,product,good,good product,positive
167047,850,product,low,low product,negative
167047,850,price,high,high price,neutral
8434,116,done,successfully,successfully done,positive
8160,116,product,good,good product,positive
8111,116,value,good,good value,positive
8111,116,service,excellent,excellent service,positive
8111,116,product,excellent,excellent product,positive
168686,877,product,good,good product,positive
154078,775,fabric,good,good fabric,positive
152701,775,chosen,flipkart,flipkart chosen,positive
152701,775,sizes,good,good sizes,positive
152701,775,product,right,right product,positive
154284,775,product,nice,nice product,positive
154284,775,qualitythanks,flipcart,flipcart qualitythanks,positive
152510,773,vasool,nice,nice vasool,positive
152510,773,paisa,full,full paisa,neutral
152510,773,design,nice,nice design,positive
5125,111,quality,bad,bad quality,negative
123318,596,product,good,good product,positive
192776,1021,number,sufficient,sufficient number,neutral
192776,1021,value,good,good value,positive
192776,1021,day,next,next day,neutral
192940,1021,product,good,good product,positive
192940,1021,demo,also,also demo,negative
192940,1021,day,next,next day,neutral
12115,141,product,nice,nice product,positive
12413,143,routine,daily,daily routine,neutral
12413,143,utensils,cleanhygienic,cleanhygienic utensils,neutral
13070,148,modes,multiple,multiple modes,neutral
23770,223,quality,good,good quality,positive
95185,521,charger,good,good charger,positive
167435,855,quality,not good,not good quality,negative
134700,628,product,good,good product,positive
133256,624,service,good,good service,positive
133256,624,thanks,flipkart,flipkart thanks,neutral
137228,652,noise,much,much noise,negative
137228,652,sleep,cant,cant sleep,negative
137228,652,baby,cant,cant baby,neutral
165780,842,quality,good,good quality,positive
165714,841,experience,pathetic,pathetic experience,negative
30854,253,diaper,nice,nice diaper,positive
155375,782,product,good,good product,positive
156063,782,cushion,nice,nice cushion,positive
156849,782,product,nyc,nyc product,neutral
145653,715,product,outstanding,outstanding product,positive
69238,446,products,good,good products,positive
68836,445,product,nice,nice product,positive
133579,625,water,bhubaneswar,bhubaneswar water,neutral
133579,625,tds,checked,checked tds,negative
133579,625,usage,proper,proper usage,neutral
133579,625,tds,standard,standard tds,neutral
133579,625,tds,yet,yet tds,neutral
133579,625,odisha,bhubaneswar,bhubaneswar odisha,neutral
133579,625,tolerance,standard,standard tolerance,neutral
133579,625,tolerance,still,still tolerance,neutral
133579,625,product,nice,nice product,positive
133579,625,installation,fast,fast installation,neutral
133790,625,tank,full,full tank,positive
133790,625,ro,awesome,awesome ro,positive
190283,1002,watch,nice,nice watch,positive
172879,908,superb,awesome,awesome superb,positive
173866,912,product,nice,nice product,positive
28424,249,purchase,terrific,terrific purchase,positive
29347,249,product,good,good product,positive
67067,434,productquality,nice,nice productquality,positive
67067,434,price,large,large price,neutral
66928,434,kajal texture,black,black kajal texture,neutral
67112,434,lakme,no1,no1 lakme,negative
64412,434,cap,loose,loose cap,negative
63550,434,blackworth,deep,deep blackworth,neutral
66611,434,kajal,nice,nice kajal,positive
66749,434,quality,good,good quality,positive
66749,434,prdct,super,super prdct,positive
63168,434,product,bad,bad product,negative
65553,434,product,good,good product,positive
63405,434,use,regular,regular use,neutral
65763,434,time,fav,fav time,neutral
65763,434,product,fav,fav product,neutral
84667,497,onevalue,nice,nice onevalue,neutral
84667,497,delivery,fastest,fastest delivery,positive
84667,497,delivery,ever,ever delivery,positive
84667,497,money,fastest,fastest money,positive
78070,480,product,type,type product,neutral
78070,480,usage,normal,normal usage,neutral
78070,480,battery,total,total battery,negative
78070,480,battery,back,back battery,neutral
343,102,product,good,good product,positive
343,102,draw,back,back draw,neutral
737,102,colety,poor,poor colety,negative
109,102,air,low,low air,negative
180235,974,water,warm,warm water,neutral
180235,974,time,longer,longer time,neutral
180235,974,water,cold,cold water,neutral
180235,974,water,thermal,thermal water,neutral
180508,974,choce,best,best choce,positive
180592,974,product,good,good product,positive
129156,617,demo,good,good demo,neutral
119564,586,base,good,good base,positive
119564,586,exlent,extraordinary,extraordinary exlent,positive
119564,586,quality,good,good quality,positive
68064,443,bat,splendid,splendid bat,positive
78738,482,product,good,good product,positive
78649,482,laptop,nice,nice laptop,positive
97788,533,product,good,good product,positive
97583,533,chamber,good,good chamber,positive
97583,533,good chamber light,not available,not available good chamber light,neutral
97583,533,specifications,technical,technical specifications,neutral
97583,533,looks,pretty,pretty looks,neutral
98884,533,product,beautiful,beautiful product,positive
99193,534,product,worst,worst product,negative
129607,618,installation,good,good installation,positive
129569,618,product,good,good product,positive
129569,618,product,nicely,nicely product,positive
106983,558,product,bad,bad product,negative
150809,769,product,nice,nice product,positive
150700,769,quality,bad,bad quality,negative
112812,578,products,nice,nice products,positive
112670,578,product,good,good product,positive
112399,578,product,good,good product,positive
75402,469,product,worst,worst product,negative
77261,472,broke,sole,sole broke,negative
77261,472,shoe,sole,sole shoe,neutral
51624,394,pents,comfortable,comfortable pents,neutral
51739,394,pant,nice,nice pant,positive
50301,394,quality,also,also quality,positive
50301,394,costand,high,high costand,neutral
51882,394,quality,low,low quality,neutral
51882,394,chain,low,low chain,negative
51882,394,product,bad,bad product,negative
51882,394,quality,isnt,isnt quality,neutral
51102,394,product,good,good product,positive
51277,394,product,bad,bad product,negative
50818,394,product,nice,nice product,positive
51729,394,cheap,old,old cheap,negative
47725,357,product,good,good product,positive
47725,357,price,low,low price,negative
47090,356,product,nice,nice product,positive
47119,356,thanks,awesome,awesome thanks,positive
47189,356,hard cost,little,little hard cost,neutral
47189,356,compare,high,high compare,neutral
46792,356,product,good,good product,positive
46338,355,product,good,good product,positive
46338,355,items,soft,soft items,neutral
46362,355,product,nice,nice product,positive
55846,400,product,nice,nice product,positive
55366,400,product,nice,nice product,positive
55366,400,nice product,happy,happy nice product,positive
55246,400,quality,bad,bad quality,negative
55796,400,nice,super,super nice,positive
55435,400,product,great,great product,positive
55363,400,product,good,good product,positive
54491,399,product,nice,nice product,positive
76241,470,order,happy,happy order,positive
76241,470,bit,little,little bit,neutral
76241,470,condition,good,good condition,positive
76241,470,packaging,not good,not good packaging,negative
76241,470,deals,great,great deals,positive
76241,470,clogs,liberty,liberty clogs,negative
76359,470,product,nice,nice product,positive
76920,470,products,amazing,amazing products,positive
187617,999,quality,super,super quality,positive
187554,999,yaar,awesome,awesome yaar,positive
187554,999,yaar,really,really yaar,neutral
187554,999,quality,good,good quality,positive
186449,999,product,nice,nice product,positive
186461,999,product,good,good product,positive
186193,999,fitting,perfect,perfect fitting,positive
186193,999,fabric,good,good fabric,positive
186193,999,quality,best,best quality,positive
186889,999,quality,good,good quality,positive
187773,1000,fit,nice,nice fit,positive
151582,771,product,nice,nice product,positive
151689,771,material,good,good material,positive
48909,369,size,bad,bad size,negative
49013,383,perfect stitching colour,gorzeous,gorzeous perfect stitching colour,positive
49013,383,dust,quickly,quickly dust,negative
49112,383,quality,bad,bad quality,negative
94057,512,charge,rather,rather charge,neutral
100927,536,power,good,good power,positive
100712,536,product,bad,bad product,negative
101271,536,product,nice,nice product,positive
99459,536,look,nice,nice look,positive
100197,536,product,good,good product,positive
100727,536,botton,switch,switch botton,negative
100727,536,power,better,better power,neutral
100727,536,bluetooth,mobile,mobile bluetooth,neutral
100727,536,power,low,low power,neutral
100727,536,charge,fast,fast charge,neutral
100727,536,botton,twice,twice botton,negative
100727,536,press,switch,switch press,neutral
107976,566,router,good,good router,positive
107976,566,price range range,good,good price range range,positive
107976,566,speed,good,good speed,positive
116053,580,installation,not,not installation,negative
115522,580,thing,first,first thing,neutral
115522,580,thing,upto,upto thing,neutral
115301,580,installation,fast,fast installation,neutral
115301,580,jeeves,super,super jeeves,positive
116635,580,quality,nice,nice quality,positive
115659,580,tv connectivity sound display,good,good tv connectivity sound display,positive
115659,580,thank,good,good thank,positive
115362,580,product,durable,durable product,positive
115362,580,tv,smart,smart tv,positive
115362,580,day,first,first day,neutral
115341,580,jeeves,technician,technician jeeves,negative
115341,580,tv,good,good tv,positive
115341,580,tv,inch,inch tv,negative
115341,580,installation,bad,bad installation,negative
116073,580,product,good,good product,positive
137398,662,level,aqi,aqi level,neutral
137398,662,city,polluted,polluted city,negative
137398,662,difference,great,great difference,positive
137398,662,product,great,great product,positive
137398,662,increased,drastically,drastically increased,negative
137398,662,working,pretty,pretty working,neutral
137407,662,hitch simple basic design mobile app,cool,cool hitch simple basic design mobile app,positive
137407,662,simple,basic,basic simple,neutral
137407,662,value,great,great value,positive
137407,662,design,basic,basic design,neutral
137407,662,performance,finally,finally performance,positive
137407,662,feature,fav,fav feature,neutral
124891,601,heating,fastly,fastly heating,neutral
124891,601,product,not,not product,negative
124891,601,productreviews,chinese,chinese productreviews,neutral
124891,601,quality,bad,bad quality,negative
124891,601,waste,electronic,electronic waste,negative
124891,601,productwaist,bad,bad productwaist,negative
124891,601,money,back,back money,negative
124891,601,working,not properly,not properly working,negative
12179,142,brand,international,international brand,neutral
12179,142,becomes,available,available becomes,positive
12179,142,machine,good,good machine,positive
12179,142,months,finally,finally months,neutral
12179,142,mode,intense,intense mode,neutral
12179,142,mode,still,still mode,neutral
12179,142,utensils,dirty,dirty utensils,negative
12179,142,months,many,many months,neutral
12179,142,eco,normal,normal eco,neutral
118835,584,neighbours,not,not neighbours,negative
4509,110,quality,build,build quality,positive
4509,110,quality,good,good quality,positive
4509,110,battery,rich,rich battery,positive
4715,110,quality,not,not quality,negative
4715,110,quality,sound,sound quality,positive
119106,585,sound,great,great sound,positive
119169,585,connect,automatically,automatically connect,positive
119169,585,v51,bluetooth,bluetooth v51,positive
119862,589,products,awesome,awesome products,positive
119862,589,product,well,well product,positive
4124,108,battery,awesome,awesome battery,positive
4015,108,challenge,greater,greater challenge,neutral
4015,108,speaker,best,best speaker,positive
4015,108,price,surprising,surprising price,positive
4015,108,speaker,portrnic,portrnic speaker,neutral
4015,108,range,high,high range,neutral
31991,261,product,good,good product,positive
32168,261,product,nice,nice product,positive
138959,676,product,good,good product,positive
73653,468,practice,well,well practice,positive
73653,468,faster,dirty,dirty faster,negative
73653,468,ball,nice,nice ball,positive
75230,468,product,super,super product,positive
73614,468,football,nice,nice football,positive
73614,468,son,old,old son,neutral
73614,468,year,old,old year,neutral
74843,468,ball,fantastic,fantastic ball,positive
75212,468,football,nice,nice football,positive
74089,468,packaging,neat,neat packaging,neutral
75195,468,product,nice,nice product,positive
170700,898,products,nice,nice products,positive
170263,894,water,nova,nova water,neutral
116787,582,experience,no laggy,no laggy experience,neutral
116787,582,pros 1features,awesome,awesome pros 1features,positive
116787,582,notification,fastly,fastly notification,neutral
3591,107,product,dull,dull product,negative
3591,107,review,seriously,seriously review,neutral
3591,107,quality,built,built quality,positive
3591,107,decimate,destroy,destroy decimate,negative
3591,107,sound,not proper,not proper sound,negative
3591,107,type,rubbish,rubbish type,negative
3720,107,pricebattery,best,best pricebattery,positive
3720,107,productvalue,great,great productvalue,positive
3213,106,sound vocals,crysp,crysp sound vocals,neutral
3213,106,volume55 bass,good455,good455 volume55 bass,positive
3213,106,quality,great55,great55 quality,positive
3213,106,povi,literally,literally povi,negative
3213,106,gamers,pro,pro gamers,positive
3213,106,music,oneplus,oneplus music,neutral
3213,106,headphones,great55,great55 headphones,positive
3213,106,product,great,great product,positive
3213,106,battery,good455,good455 battery,positive
3213,106,good455 battery backup,great55,great55 good455 battery backup,positive
26855,237,product,awesome,awesome product,positive
176882,928,noise,low,low noise,negative
176882,928,vibrationover,no,no vibrationover,negative
176882,928,quality,good,good quality,positive
176882,928,products,good,good products,positive
176882,928,product,full,full product,positive
176944,928,machine,happy,happy machine,positive
24112,225,machine,useful,useful machine,positive
24112,225,mixer,good,good mixer,positive
123846,599,product,worst,worst product,negative
123846,599,effect,sound,sound effect,neutral
123722,599,run,smoothly,smoothly run,positive
123722,599,product,good,good product,positive
123722,599,run,cant,cant run,neutral
123818,599,sound,nice,nice sound,positive
124553,599,music,nice,nice music,positive
95881,532,product,nice,nice product,positive
95679,532,verry,good,good verry,neutral
95814,532,drain,not,not drain,negative
95814,532,phone,good,good phone,positive
26343,233,product,good,good product,positive
52404,396,pocket4,small,small pocket4,neutral
52540,397,quality,good,good quality,positive
52540,397,price,decent,decent price,neutral
52540,397,pockets,zipper,zipper pockets,neutral
52627,397,product,good,good product,positive
53684,398,super,best,best super,positive
53018,398,product,jerseyif,jerseyif product,neutral
53018,398,u,cloth,cloth u,neutral
53378,398,protect,nice,nice protect,positive
57825,408,thanks,nice,nice thanks,positive
52397,395,product,good,good product,positive
85647,502,product,nice,nice product,positive
17688,188,product,nice,nice product,positive
17807,188,product,good,good product,positive
17691,188,iam,happy,happy iam,positive
17357,188,product,nice,nice product,positive
16846,188,working,exactly,exactly working,positive
16846,188,delivered,safely,safely delivered,positive
87035,504,product quality,poor,poor product quality,negative
87322,504,weight,lite,lite weight,neutral
86812,504,product,nice,nice product,positive
146841,726,book,best,best book,positive
146841,726,geography,indian,indian geography,neutral
146841,726,exam,competitive,competitive exam,positive
44731,351,front,quite,quite front,neutral
134366,627,product,good,good product,positive
132937,623,product,nice,nice product,positive
196358,1045,sailing,smooth,smooth sailing,positive
196358,1045,picture quality,great,great picture quality,positive
196358,1045,area,kitchen,kitchen area,neutral
196358,1045,job,great,great job,positive
148403,747,product,good,good product,positive
144715,713,material,not,not material,negative
144715,713,experience,bad,bad experience,negative
144715,713,size,bad,bad size,negative
144715,713,quality,bad,bad quality,negative
144715,713,delivery,late,late delivery,neutral
145162,713,color,nice,nice color,positive
145162,713,quality,good,good quality,positive
145162,713,warm,comfortable,comfortable warm,positive
145162,713,blanky,nice,nice blanky,neutral
145549,713,item,cheap,cheap item,negative
145549,713,amount,good,good amount,positive
145549,713,class,third,third class,neutral
171745,905,product,nice,nice product,positive
81916,491,4tablets,free,free 4tablets,neutral
81916,491,everything,good,good everything,positive
142693,706,prodect,nice,nice prodect,positive
142645,706,product,useful,useful product,positive
149921,760,quality,low,low quality,neutral
105245,550,thermostate,freezerthe,freezerthe thermostate,neutral
105245,550,refrigerator,bad,bad refrigerator,negative
105245,550,pooblem,still,still pooblem,neutral
105245,550,wastes,persist,persist wastes,negative
194128,1024,party,third,third party,neutral
194128,1024,warranty,extended,extended warranty,neutral
194128,1024,period,warranty,warranty period,neutral
104482,549,product,good,good product,positive
104890,549,product,good,good product,positive
105059,549,product,nice,nice product,positive
103874,549,everything,good,good everything,positive
104994,549,produc,good,good produc,positive
103417,549,buying,much,much buying,neutral
192468,1019,product,good,good product,positive
192293,1019,box,not rite,not rite box,negative
190010,1001,product,good,good product,positive
189203,1001,damaged,productadapter,productadapter damaged,negative
188653,1001,product,nice,nice product,positive
189776,1001,app,nice,nice app,positive
188351,1001,quality,good,good quality,positive
90107,513,fast,super,super fast,positive
90247,513,charger,goog,goog charger,neutral
162778,818,door,nice,nice door,positive
162778,818,price,cheap,cheap price,negative
162395,817,product,nice,nice product,positive
138364,671,size,small,small size,neutral
138364,671,quality,average,average quality,neutral
33405,273,product,original,original product,positive
106472,556,sideways,also,also sideways,neutral
176294,923,performance,good,good performance,positive
176294,923,plastic,not,not plastic,negative
18750,190,data,awesome,awesome data,positive
19270,191,price,best,best price,positive
19270,191,packaging,better,better packaging,neutral
19270,191,harddrives,best,best harddrives,positive
19270,191,followups,proper,proper followups,neutral
19270,191,packaging,faster,faster packaging,neutral
19374,191,product,good,good product,positive
19252,191,theskokandi,fully,fully theskokandi,neutral
44945,353,product,nice,nice product,positive
45386,353,product,nice,nice product,positive
33954,278,itemnot,defective,defective itemnot,negative
147762,740,ram,shree,shree ram,negative
147762,740,translation,hindi,hindi translation,neutral
147762,740,book,nice,nice book,positive
147762,740,jai,shree,shree jai,negative
143269,710,equipment,no enough,no enough equipment,neutral
109443,572,word,beautiful,beautiful word,positive
109443,572,searched,alot,alot searched,neutral
109443,572,promise,website,website promise,positive
110015,572,product,good,good product,positive
110290,572,demo,first,first demo,negative
110290,572,dealgot,great,great dealgot,positive
110801,572,stitch,also,also stitch,neutral
110198,572,stitchings,basic,basic stitchings,neutral
110198,572,basic stitchings speed,adequate,adequate basic stitchings speed,neutral
111228,572,tq,excellent,excellent tq,positive
33578,274,product,good,good product,positive
33578,274,sound,excellent,excellent sound,positive
10527,132,product,fabulous,fabulous product,positive
10527,132,thanks,fast,fast thanks,positive
11472,132,produckt,goood,goood produckt,neutral
67887,440,grey color,good,good grey color,positive
67887,440,colorso,black,black colorso,neutral
67887,440,colorso,better,better colorso,neutral
67887,440,dont,good,good dont,neutral
67887,440,fitting,good,good fitting,positive
67887,440,color,black,black color,neutral
67887,440,colorand,grey,grey colorand,neutral
67887,440,im,still,still im,neutral
67737,439,thanks,comfortable,comfortable thanks,positive
67737,439,product,good,good product,positive
149353,756,quality,good,good quality,positive
169025,879,product,beautiful,beautiful product,positive
108274,567,tplink,handle,handle tplink,neutral
108754,567,product,good,good product,positive
108754,567,range,short,short range,neutral
108754,567,problem,otherwise,otherwise problem,neutral
108453,567,product,awesome,awesome product,positive
109310,571,router,not stable,not stable router,negative
109310,571,speeds,good,good speeds,positive
93228,529,pordacot,good,good pordacot,positive
147216,733,book,elegant,elegant book,positive
147216,733,shrushti,much,much shrushti,negative
160403,797,product,awesome,awesome product,positive
114098,579,tv,nice,nice tv,positive
114186,579,tv,nice,nice tv,positive
113632,579,product,nice,nice product,positive
114242,579,television,nice,nice television,positive
114340,579,tv,best,best tv,positive
113743,579,product,good,good product,positive
87443,501,kart,flip,flip kart,neutral
87443,501,spoil,totsl,totsl spoil,neutral
87443,501,productflip,worst,worst productflip,negative
87443,501,product,waste,waste product,negative
87443,501,worst productflip kart name,totsl,totsl worst productflip kart name,negative
87443,501,kart,also,also kart,neutral
87384,501,flipkart,u,u flipkart,neutral
87384,501,product,best,best product,positive
87384,501,thank,u,u thank,neutral
87566,501,product,good,good product,positive
41655,327,product,good,good product,positive
106812,557,products,excellent,excellent products,positive
141948,702,quality,good,good quality,positive
159758,790,quality,good,good quality,positive
148821,752,product,good,good product,positive
150370,765,cloth,bed,bed cloth,neutral
70221,454,cycle,not good,not good cycle,negative
70221,454,system,poor,poor system,negative
70221,454,quality,poor,poor quality,negative
70221,454,good cycle stand,bigger,bigger good cycle stand,positive
70221,454,quality,low,low quality,neutral
172790,907,n,good,good n,positive
172778,907,product,exelant,exelant product,neutral
59312,416,product,nice,nice product,positive
59694,416,watch,awesome,awesome watch,positive
59694,416,look,nice,nice look,positive
58893,416,product,nice,nice product,positive
71638,457,choice,good,good choice,positive
71751,457,product,good,good product,positive
71282,457,value,low,low value,negative
71282,457,product,good,good product,positive
72321,457,product,nice,nice product,positive
72321,457,nice product,happy,happy nice product,positive
70802,457,niceam,vary,vary niceam,neutral
70802,457,flipkart,much,much flipkart,neutral
71850,457,quality,awesome,awesome quality,positive
12951,147,dishwasher,nice,nice dishwasher,positive
20119,193,cant,nicei,nicei cant,neutral
19910,193,pocket,handy,handy pocket,positive
19910,193,value,good,good value,positive
19910,193,enoughinstead,good,good enoughinstead,positive
19765,192,speed,write,write speed,positive
19765,192,time,1st,1st time,neutral
19765,192,works,best,best works,positive
19765,192,usable storage,approx,approx usable storage,positive
39674,303,product,good,good product,positive
60497,420,length,small,small length,neutral
60497,420,quality,nice,nice quality,positive
61155,422,product,nice,nice product,positive
56628,402,quality,poor,poor quality,negative
57576,406,plazzo,nice,nice plazzo,positive
57576,406,nice plazzo cloth,nice,nice nice plazzo cloth,positive
57576,406,comfortable,nice,nice comfortable,positive
56738,403,size,free,free size,neutral
56738,403,quality,great,great quality,positive
56738,403,kurtis,favorite,favorite kurtis,positive
56738,403,quality,really,really quality,positive
56322,401,nd,good,good nd,positive
56322,401,material,good,good material,positive
57327,404,fabric,nice,nice fabric,positive
57388,404,product,bad,bad product,negative
196197,1044,quality,built,built quality,positive
5877,114,qualityaverage,sound,sound qualityaverage,positive
5877,114,consfm reception,poorpronshigh,poorpronshigh consfm reception,negative
90534,514,charging,fast,fast charging,neutral
90534,514,product,well,well product,positive
90534,514,product,excellent,excellent product,positive
90534,514,samasung,a9,a9 samasung,neutral
90534,514,length,good,good length,positive
90319,514,product,good,good product,positive
90319,514,delivery,fast,fast delivery,positive
90513,514,cool,super,super cool,positive
120658,590,sound,not clear,not clear sound,neutral
120658,590,breaking offline sound,awesome,awesome breaking offline sound,positive
120658,590,time,not,not time,negative
120658,590,mobileconnecting cable,shortwhen,shortwhen mobileconnecting cable,neutral
119747,587,part,best,best part,positive
119747,587,brother,small,small brother,neutral
119747,587,access,remote,remote access,neutral
2150,104,classes,online,online classes,neutral
2150,104,blutooth,excellent,excellent blutooth,positive
2150,104,r,happy,happy r,positive
2632,104,bass quality,awesome,awesome bass quality,positive
2632,104,lovers,green,green lovers,neutral
2632,104,comfy,nice,nice comfy,positive
2555,104,product,good,good product,positive
2555,104,sound,clear,clear sound,positive
2555,104,battery backup,superb,superb battery backup,positive
2444,104,headphone,best,best headphone,positive
2444,104,part,best,best part,positive
2444,104,listen,u,u listen,neutral
2444,104,headache,even,even headache,negative
2444,104,volume,full,full volume,positive
2444,104,music,good,good music,positive
118238,583,watch,smart,smart watch,positive
117212,583,product,nice,nice product,positive
118389,583,everything,good,good everything,positive
118527,583,watch,awesome,awesome watch,positive
117198,583,product,nice,nice product,positive
118070,583,product,nice,nice product,positive
40079,304,choice,good,good choice,positive
40306,304,worth buyingartbook,small,small worth buyingartbook,neutral
40306,304,rest,small,small rest,negative
39859,304,product,good,good product,positive
197678,1056,size,small,small size,neutral
198063,1056,product,good,good product,positive
198817,1056,size,medium,medium size,neutral
197025,1056,quality,good,good quality,positive
197025,1056,cello packing box,not much,not much cello packing box,neutral
197025,1056,bowls,small,small bowls,neutral
197837,1056,product,nice,nice product,positive
197174,1056,product,good,good product,positive
197174,1056,delivery boy,not willing,not willing delivery boy,negative
197174,1056,delivery agent,not acceptable,not acceptable delivery agent,negative
200465,1057,dinner,excellent,excellent dinner,positive
200465,1057,bowls packing,nice,nice bowls packing,positive
200465,1057,buying,worth,worth buying,positive
203408,1057,product,ok,ok product,neutral
203408,1057,packaging,good,good packaging,positive
203408,1057,quality,ok,ok quality,neutral
203408,1057,bit,little,little bit,neutral
202616,1057,packing,good,good packing,positive
200385,1057,quality,nice,nice quality,positive
200385,1057,nice quality good,happy,happy nice quality good,positive
203203,1057,quality,packed,packed quality,positive
203203,1057,product,fine,fine product,positive
203203,1057,edge,else,else edge,neutral
200676,1057,product,good,good product,positive
202510,1057,product,nice,nice product,positive
204567,1057,product,adorable,adorable product,positive
202282,1057,product,awesome,awesome product,positive
204642,1057,product,good,good product,positive
201689,1057,product,good,good product,positive
201044,1057,product,good,good product,positive
200971,1057,product,good,good product,positive
204891,1057,size,normal,normal size,neutral
203839,1057,product,good,good product,positive
203839,1057,product,average,average product,neutral
203839,1057,know,much,much know,neutral
203839,1057,product,bad,bad product,negative
200309,1057,product,good,good product,positive
200309,1057,rest everything,fine,fine rest everything,neutral
200309,1057,quantity,good,good quantity,positive
203430,1057,quality,good,good quality,positive
203430,1057,bowls,small,small bowls,neutral
203182,1057,size,small,small size,neutral
202584,1057,product,excellent,excellent product,positive
196928,1055,bouls,small,small bouls,neutral
32919,268,product,good,good product,positive
32919,268,good product,happy,happy good product,positive
194613,1028,space,awesome,awesome space,positive
31664,260,product,good,good product,positive
170945,900,product,good,good product,positive
34125,279,mic,good,good mic,positive
122494,593,product,excellent,excellent product,positive
122293,593,experiencei,amazing,amazing experiencei,positive
81604,489,digestion,good,good digestion,positive
81604,489,weightso,current,current weightso,neutral
81604,489,month,packet1st,packet1st month,negative
81604,489,time,internally,internally time,neutral
81604,489,continue,ittill,ittill continue,negative
81482,489,experience,bad,bad experience,negative
157319,783,quality,pathetic,pathetic quality,negative
157482,785,everyone,not,not everyone,negative
157482,785,product,worst,worst product,negative
157482,785,product,cheap,cheap product,negative
157482,785,waste,total,total waste,negative
